{"cameraMode":{"drawMode":0,"name":"Shaded","section":"Shading Mode"},"sceneLighting":true,"audioPlay":false,"sceneViewState":{"showFog":true,"showMaterialUpdate":false,"showSkybox":false,"showFlares":true,"showImageEffects":true,"showParticleSystems":true},"in2DMode":false,"pivot":{"x":46.69000244140625,"y":1.600006103515625,"z":8.910003662109375},"rotation":{"x":-0.2842813730239868,"y":-0.3920770287513733,"z":0.1288011372089386,"w":-0.8653727173805237},"size":7.045034885406494,"orthographic":false}