{"cameraMode":{"drawMode":0,"name":"Shaded","section":"Shading Mode"},"sceneLighting":false,"audioPlay":false,"sceneViewState":{"showFog":true,"showMaterialUpdate":false,"showSkybox":false,"showFlares":true,"showImageEffects":true,"showParticleSystems":true},"in2DMode":false,"pivot":{"x":-212.55999755859376,"y":-15.579999923706055,"z":-160.74000549316407},"rotation":{"x":0.27781862020492556,"y":0.2660914361476898,"z":-0.0803961381316185,"w":0.9195371866226196},"size":42.86825942993164,"orthographic":false}