{"cameraMode":{"drawMode":0,"name":"Shaded","section":"Shading Mode"},"sceneLighting":false,"audioPlay":false,"sceneViewState":{"showFog":true,"showMaterialUpdate":false,"showSkybox":false,"showFlares":true,"showImageEffects":true,"showParticleSystems":true},"in2DMode":false,"pivot":{"x":-210.5611114501953,"y":-50.802059173583987,"z":-224.25343322753907},"rotation":{"x":-0.23430012166500092,"y":-0.6241840124130249,"z":0.2040133774280548,"w":-0.7168516516685486},"size":9.590431213378907,"orthographic":false}