{"cameraMode":{"drawMode":0,"name":"Shaded","section":"Shading Mode"},"sceneLighting":false,"audioPlay":false,"sceneViewState":{"showFog":true,"showMaterialUpdate":false,"showSkybox":false,"showFlares":true,"showImageEffects":true,"showParticleSystems":true},"in2DMode":false,"pivot":{"x":81.20500183105469,"y":-56.27062225341797,"z":-8.289212226867676},"rotation":{"x":0.2722989618778229,"y":0.1621236801147461,"z":-0.046601779758930209,"w":0.9473106265068054},"size":71.02274322509766,"orthographic":false}