{"cameraMode":{"drawMode":0,"name":"Shaded","section":"Shading Mode"},"sceneLighting":false,"audioPlay":false,"sceneViewState":{"showFog":true,"showMaterialUpdate":false,"showSkybox":false,"showFlares":true,"showImageEffects":true,"showParticleSystems":true},"in2DMode":false,"pivot":{"x":73.54498291015625,"y":-14.661249160766602,"z":0.12321734428405762},"rotation":{"x":0.02229074388742447,"y":0.8731402158737183,"z":-0.04010573774576187,"w":0.4853048026561737},"size":28.92783546447754,"orthographic":false}