{"cameraMode":{"drawMode":0,"name":"Shaded","section":"Shading Mode"},"sceneLighting":false,"audioPlay":false,"sceneViewState":{"showFog":true,"showMaterialUpdate":false,"showSkybox":false,"showFlares":true,"showImageEffects":true,"showParticleSystems":true},"in2DMode":false,"pivot":{"x":-254.58018493652345,"y":-32.917457580566409,"z":-120.11849975585938},"rotation":{"x":-0.23119547963142396,"y":-0.370248943567276,"z":0.09568595886230469,"w":-0.8945996761322022},"size":15.718193054199219,"orthographic":false}