{"cameraMode":{"drawMode":0,"name":"Shaded","section":"Shading Mode"},"sceneLighting":false,"audioPlay":false,"sceneViewState":{"showFog":true,"showMaterialUpdate":false,"showSkybox":false,"showFlares":true,"showImageEffects":true,"showParticleSystems":true},"in2DMode":false,"pivot":{"x":34.73076629638672,"y":-30.041011810302736,"z":-49.3428840637207},"rotation":{"x":0.28191864490509035,"y":0.4348702132701874,"z":-0.14547081291675569,"w":0.8427621722221375},"size":12.339057922363282,"orthographic":false}